"itemTitle","itemPrice","itemDateTime","itemCat","itemCondt","itemArea"
"2019 proton saga 1.3 full loan cash back low%",29900,"today, 16:01","Moms & Kids","New","Kuala Lumpur"
"panasonic water pump",280,"today, 15:57","Shoes","Second-hand (Used)","Kuala Lumpur"
"tablets acer 8""",300,"today, 15:58","Jobs","Second-hand (Used)","Melaka"
"kasut converse",150,"today, 15:57","Moms & Kids","New","Penang"
"2016 aprilia rsv4",78000,"today, 15:57","Motorcycles","New","Johor"
"masih ok semua macam baru",130,"today, 15:57","Games & Consoles","Second-hand (Used)","Selangor"
"pacific place block f near evolve mall",550000,"today, 15:57","Bed & Bath","New","Johor"
"mercedes benz fh25 giga space 1/50",450,"today, 15:57","Commercial Vehicle & Boats","Second-hand (Used)","Melaka"
"tanah lot untuk dijual segera",85000,"today, 15:57","Home Appliances & Kitchen","Second-hand (Used)","Terengganu"
"kelana impian",420000,"today, 15:57","Furniture & Decoration","New","Kelantan"
"2.5 storey corner house for sale",1100000,"today, 15:57","Car Accessories & Parts","Used","Selangor"
"assistant compliance officer",NA,"today, 15:57","Hobby & Collectibles","Second-hand (Used)","Selangor"
"bsp skypark,bdr saujana putra",390000,"today, 15:57","Moms & Kids","New","Kuala Lumpur"
"taman bukit rambai seksyen 2",250000,"today, 15:57","Clothes","Second-hand (Used)","Selangor"
"midlands condo",430000,"today, 15:57","Mobile Phones & Gadgets","Used","Melaka"
"new-panasonic dh-3rl1mw water heater(no pump)",255,"today, 15:58","Hobby & Collectibles","Second-hand (Used)","Selangor"
"kids girl pink shirt",3,"today, 15:57","Moms & Kids","Second-hand (Used)","Johor"
"artery pal ii",140,"today, 15:57","Clothes","New","Selangor"
"",0,"today, 15:57","Mobile Phones & Gadgets","Second-hand (Used)","Perak"
"vivo y53",300,"today, 15:57","Shoes","Pre-owned (Used)","Kelantan"
"marketing executive (urgent!!)",NA,"today, 15:57","Moms & Kids","Second-hand (Used)","Pahang"
"resident evil 2",170,"today, 15:56","Mobile Phones & Gadgets","Pre-owned (Used)","Perak"
"new-panasonic dh-3rl1mw water heater(no pump)",255,"today, 15:56","Motorcycles","New","Johor"
"ikea mirror",50,"today, 15:57","Mobile Phones & Gadgets","Used","Kedah"
"toyota hiace 2.4 diesel",65000,"today, 15:56","Moms & Kids","Second-hand (Used)","Negeri Sembilan"
"tanah untuk ladang sawit",6500,"today, 15:56","Moms & Kids","Second-hand (Used)","Kuala Lumpur"
"panasonic water pump",280,"today, 15:56","Health & Beauty","Used","Kuala Lumpur"
"bsp skypark,bdr saujana putra",390000,"3 jul, 17:27","Watches & Fashion Accessories","New","Perak"
"vape",250,"today, 15:57","Health & Beauty","Second-hand (Used)","Selangor"
"ikea mirror",50,"today, 16:01","Furniture & Decoration","Second-hand (Used)","Selangor"
"toyota side mirror",230,"today, 15:58","Car Accessories & Parts","Second-hand (Used)","Selangor"
"2019 proton saga 1.3 full loan cash back low%",29900,"today, 15:57","Moms & Kids","Second-hand (Used)","Johor"
"kemeja polo ralph lauren - miq149",45,"today, 15:58","Motorcycles","Pre-owned (Used)","Johor"
"apt puchong permata court 2 non bumi, corner lot",265000,"today, 15:58","Mobile Phones & Gadgets","Pre-owned (Used)","Perak"
"apt puchong permata court 2 non bumi, corner lot",265000,"today, 15:57","Clothes","Pre-owned (Used)","Kuala Lumpur"
"motor kanak-kanak polis toys mainan children^",295,"today, 15:58","Cameras & Photography","New","Kuala Lumpur"
"baju a new age of darkness begins",30,"today, 15:58","Hobby & Collectibles","New","Kuala Lumpur"
"artery pal ii",140,"today, 15:58","Jobs","Used","Kedah"
"kemeja polo ralph lauren - miq149",45,"today, 15:58","Mobile Phones & Gadgets","Second-hand (Used)","Kuala Lumpur"
"kasut converse",150,"today, 15:58","Jobs","Second-hand (Used)","Selangor"
"2016 aprilia rsv4",78000,"today, 15:56","Watches & Fashion Accessories","New","Kelantan"
"kids girl pink shirt",3,"today, 15:58","Games & Consoles","New","Terengganu"
"vape",250,"today, 15:58","Bed & Bath","Second-hand (Used)","Selangor"
"2016 aprilia rsv4",78000,"today, 15:58","Commercial Vehicle & Boats","Second-hand (Used)","Selangor"
"2.5 storey corner house for sale",1100000,"today, 15:58","Health & Beauty","Second-hand (Used)","Kuala Lumpur"
"toyota side mirror",230,"today, 15:57","Motorcycles","Second-hand (Used)","Selangor"
"below market 35% | the pearl, klcc, kl city | freehold 3089sf",1749600,"today, 15:57","Moms & Kids","Pre-owned (Used)","Melaka"
"",0,"today, 15:58","Home Appliances & Kitchen","New","Penang"
"kasut converse",150,"today, 15:58","Furniture & Decoration","Used","Johor"
"2019 proton saga 1.3 full loan cash back low%",29900,"today, 15:58","Car Accessories & Parts","Second-hand (Used)","Selangor"
"below market 35% | the pearl, klcc, kl city | freehold 3089sf",1749600,"today, 15:58","Hobby & Collectibles","Second-hand (Used)","Johor"
"renoma junior kids girl shirt",3,"today, 15:58","Clothes","Used","Melaka"
"",0,"today, 15:56","Furniture & Decoration","Used","Terengganu"
"princess dress - age 2 to 3yr",180,"today, 15:58","Mobile Phones & Gadgets","New","Kelantan"
"foot massage and spa",300,"today, 15:58","Clothes","Pre-owned (Used)","Selangor"
"taman jasa perwira (non bumi lot)",300000,"today, 15:58","Shoes","Second-hand (Used)","Selangor"
"apt puchong permata court 2 non bumi, corner lot",265000,"today, 15:57","Motorcycles","Second-hand (Used)","Kelantan"
"new era mishka keep watch cap [rare]",180,"today, 15:58","Moms & Kids","Pre-owned (Used)","Selangor"
"specialize in laying artificial carpet grass",1111,"today, 15:58","Mobile Phones & Gadgets","New","Melaka"
"renoma junior kids girl shirt",3,"today, 15:57","Health & Beauty","Pre-owned (Used)","Selangor"
"tanah lot untuk dijual di pasir panjang, manjung",85000,"today, 15:58","Motorcycles","Second-hand (Used)","Johor"
"mercedes benz w124 w210 door center centre lock",150,"today, 15:57","Commercial Vehicle & Boats","Second-hand (Used)","Selangor"
"kids girl pink shirt",3,"today, 15:57","Car Accessories & Parts","Used","Perak"
"1998 c70 cdi (sukom360)",5000,"today, 15:57","Moms & Kids","New","Kelantan"
"tanah untuk ladang sawit",6500,"today, 15:58","Mobile Phones & Gadgets","Second-hand (Used)","Pahang"
"tablets acer 8""",300,"today, 15:57","Moms & Kids","Second-hand (Used)","Perak"
"masih ok semua macam baru",130,"today, 15:57","Health & Beauty","Second-hand (Used)","Johor"
"mercedes benz w124 w210 door center centre lock",150,"today, 15:58","Moms & Kids","Second-hand (Used)","Terengganu"
"pacific place block f near evolve mall",550000,"today, 15:57","Watches & Fashion Accessories","Pre-owned (Used)","Negeri Sembilan"
"mercedes benz fh25 giga space 1/50",450,"today, 15:57","Furniture & Decoration","Pre-owned (Used)","Kuala Lumpur"
"tanah lot untuk dijual segera",85000,"today, 15:57","Car Accessories & Parts","New","Kuala Lumpur"
"kelana impian",420000,"today, 15:57","Motorcycles","New","Perak"
"princess dress - age 2 to 3yr",180,"today, 15:57","Watches & Fashion Accessories","New","Selangor"
"2.5 storey corner house for sale",1100000,"today, 15:57","Mobile Phones & Gadgets","Used","Selangor"
"assistant compliance officer",NA,"today, 15:57","Cameras & Photography","Second-hand (Used)","Selangor"
"taman bukit rambai seksyen 2",250000,"today, 15:57","Hobby & Collectibles","Second-hand (Used)","Johor"
"2019 proton saga 1.3 full loan cash back low%",29900,"today, 15:56","Car Accessories & Parts","Second-hand (Used)","Johor"
"vape",250,"today, 15:56","Jobs","New","Perak"
"baju a new age of darkness begins",30,"today, 15:58","Hobby & Collectibles","Pre-owned (Used)","Selangor"
"midlands condo",430000,"today, 15:56","Mobile Phones & Gadgets","Second-hand (Used)","Kuala Lumpur"
"vivo y53",300,"today, 15:56","Jobs","Second-hand (Used)","Kuala Lumpur"
"marketing executive (urgent!!)",NA,"today, 15:56","Games & Consoles","New","Kedah"
"resident evil 2",170,"today, 15:56","Bed & Bath","Used","Kuala Lumpur"
"new-panasonic dh-3rl1mw water heater(no pump)",255,"3 jul, 17:27","Commercial Vehicle & Boats","Second-hand (Used)","Selangor"
"toyota hiace 2.4 diesel",65000,"today, 16:01","Home Appliances & Kitchen","Second-hand (Used)","Kelantan"
"foot massage and spa",300,"today, 15:57","Furniture & Decoration","New","Terengganu"
"tanah untuk ladang sawit",6500,"today, 15:58","Furniture & Decoration","Used","Selangor"
"panasonic water pump",280,"today, 15:58","Car Accessories & Parts","New","Selangor"
"below market 35% | the pearl, klcc, kl city | freehold 3089sf",1749600,"today, 15:56","Motorcycles","Second-hand (Used)","Kuala Lumpur"
"motor kanak-kanak polis toys mainan children^",295,"today, 15:56","Renovation","Used","Selangor"
"bsp skypark,bdr saujana putra",390000,"today, 15:58","Hobby & Collectibles","Pre-owned (Used)","Melaka"
"ikea mirror",50,"today, 15:58","Clothes","Second-hand (Used)","Penang"
"princess dress - age 2 to 3yr",180,"today, 15:58","Mobile Phones & Gadgets","Pre-owned (Used)","Johor"
"2016 aprilia rsv4",78000,"today, 15:58","Clothes","New","Selangor"
"toyota side mirror",230,"today, 15:58","Shoes","Second-hand (Used)","Johor"
"apt puchong permata court 2 non bumi, corner lot",265000,"today, 15:58","Moms & Kids","Second-hand (Used)","Melaka"
"motor kanak-kanak polis toys mainan children^",295,"today, 15:58","Mobile Phones & Gadgets","Used","Terengganu"
"baju a new age of darkness begins",30,"today, 15:58","Motorcycles","New","Kelantan"
"taman jasa perwira (non bumi lot)",300000,"today, 15:57","Car Accessories & Parts","Used","Selangor"
"artery pal ii",140,"today, 15:58","Car Accessories & Parts","Second-hand (Used)","Selangor"
"panasonic water pump",280,"today, 15:56","Kuala Lumpur","New","Kuala Lumpur"
"renoma junior kids girl shirt",3,"today, 15:56","Mobile Phones & Gadgets","Used","Selangor"
"kemeja polo ralph lauren - miq149",45,"today, 15:58","Moms & Kids","Second-hand (Used)","Melaka"
"kasut converse",150,"today, 15:58","Moms & Kids","Pre-owned (Used)","Selangor"
"kids girl pink shirt",3,"today, 15:58","Health & Beauty","Pre-owned (Used)","Johor"
"vape",250,"today, 15:58","Watches & Fashion Accessories","New","Selangor"
"2016 aprilia rsv4",78000,"today, 15:58","Furniture & Decoration","New","Perak"
"",0,"today, 15:58","Car Accessories & Parts","Used","Kelantan"
"",0,"today, 15:58","Motorcycles","Second-hand (Used)","Pahang"
"2019 proton saga 1.3 full loan cash back low%",29900,"today, 15:58","Mobile Phones & Gadgets","Second-hand (Used)","Perak"
"below market 35% | the pearl, klcc, kl city | freehold 3089sf",1749600,"today, 15:58","Cameras & Photography","New","Johor"
"toyota side mirror",230,"today, 15:57","Mobile Phones & Gadgets","Second-hand (Used)","Kuala Lumpur"
"baju a new age of darkness begins",30,"today, 15:56","Moms & Kids","Pre-owned (Used)","Melaka"
"masih ok semua macam baru",130,"today, 15:57","Motorcycles","Second-hand (Used)","Negeri Sembilan"
"princess dress - age 2 to 3yr",180,"3 jul, 17:27","Cameras & Photography","New","Kuala Lumpur"
"renoma junior kids girl shirt",3,"today, 15:58","Hobby & Collectibles","Second-hand (Used)","Kuala Lumpur"
"princess dress - age 2 to 3yr",180,"today, 15:58","Jobs","Second-hand (Used)","Perak"
"foot massage and spa",300,"today, 15:57","Mobile Phones & Gadgets","New","Selangor"
"taman jasa perwira (non bumi lot)",300000,"today, 15:57","Jobs","Used","Selangor"
"new era mishka keep watch cap [rare]",180,"today, 15:57","Games & Consoles","Second-hand (Used)","Selangor"
"specialize in laying artificial carpet grass",1111,"today, 15:57","Bed & Bath","Second-hand (Used)","Johor"
"tanah lot untuk dijual di pasir panjang, manjung",85000,"today, 15:57","Commercial Vehicle & Boats","Used","Johor"
"2019 proton saga 1.3 full loan cash back low%",29900,"today, 15:57","Home Appliances & Kitchen","New","Perak"
"artery pal ii",140,"today, 15:56","Moms & Kids","Second-hand (Used)","Penang"
"mercedes benz w124 w210 door center centre lock",150,"today, 15:57","Furniture & Decoration","Pre-owned (Used)","Kuala Lumpur"
"1998 c70 cdi (sukom360)",5000,"today, 15:57","Car Accessories & Parts","Second-hand (Used)","Kuala Lumpur"
"midlands condo",430000,"today, 16:01","Hobby & Collectibles","Pre-owned (Used)","Kedah"
"new era mishka keep watch cap [rare]",180,"today, 15:56","Mobile Phones & Gadgets","Second-hand (Used)","Kuala Lumpur"
"tablets acer 8""",300,"today, 15:57","Hobby & Collectibles","Pre-owned (Used)","Selangor"
"masih ok semua macam baru",130,"today, 15:57","Clothes","New","Kelantan"
"pacific place block f near evolve mall",550000,"today, 15:57","Mobile Phones & Gadgets","Second-hand (Used)","Terengganu"
"mercedes benz fh25 giga space 1/50",450,"today, 15:57","Clothes","Second-hand (Used)","Selangor"
"tanah lot untuk dijual segera",85000,"today, 15:56","Shoes","Used","Selangor"
"kelana impian",420000,"today, 15:56","Moms & Kids","New","Kuala Lumpur"
"kemeja polo ralph lauren - miq149",45,"today, 15:56","Health & Beauty","Pre-owned (Used)","Johor"
"2.5 storey corner house for sale",1100000,"today, 15:56","Mobile Phones & Gadgets","Second-hand (Used)","Melaka"
"assistant compliance officer",NA,"today, 15:56","Motorcycles","Second-hand (Used)","Penang"
"below market 35% | the pearl, klcc, kl city | freehold 3089sf",1749600,"today, 15:56","Car Accessories & Parts","Pre-owned (Used)","Johor"
"new-panasonic dh-3rl1mw water heater(no pump)",255,"today, 15:58","Bed & Bath","Pre-owned (Used)","Selangor"
"foot massage and spa",300,"today, 15:58","Jobs","Second-hand (Used)","Johor"
"taman bukit rambai seksyen 2",250000,"3 jul, 17:27","Motorcycles","Pre-owned (Used)","Melaka"
"specialize in laying artificial carpet grass",1111,"today, 15:56","Cameras & Photography","New","Terengganu"
"midlands condo",430000,"today, 16:01","Moms & Kids","New","Kelantan"
"vivo y53",300,"today, 15:58","Moms & Kids","New","Selangor"
"marketing executive (urgent!!)",NA,"today, 15:58","Health & Beauty","Used","Selangor"
"kasut converse",150,"3 jul, 17:27","Watches & Fashion Accessories","New","Selangor"
"resident evil 2",170,"today, 15:58","Watches & Fashion Accessories","Second-hand (Used)","Selangor"
"new-panasonic dh-3rl1mw water heater(no pump)",255,"today, 15:58","Furniture & Decoration","Second-hand (Used)","Melaka"
"toyota hiace 2.4 diesel",65000,"today, 15:58","Car Accessories & Parts","New","Selangor"
"tanah untuk ladang sawit",6500,"today, 15:58","Motorcycles","Second-hand (Used)","Johor"
"panasonic water pump",280,"today, 15:58","Mobile Phones & Gadgets","Second-hand (Used)","Selangor"
"taman jasa perwira (non bumi lot)",300000,"today, 15:58","Mobile Phones & Gadgets","Pre-owned (Used)","Perak"
"bsp skypark,bdr saujana putra",390000,"today, 15:58","Cameras & Photography","New","Kelantan"
"renoma junior kids girl shirt",3,"today, 15:58","Hobby & Collectibles","Used","Pahang"
"tanah lot untuk dijual di pasir panjang, manjung",85000,"today, 15:56","Hobby & Collectibles","Second-hand (Used)","Perak"
"ikea mirror",50,"today, 15:58","Jobs","Second-hand (Used)","Johor"
"motor kanak-kanak polis toys mainan children^",295,"today, 15:57","Shoes","Pre-owned (Used)","Johor"
"toyota side mirror",230,"today, 15:58","Mobile Phones & Gadgets","Second-hand (Used)","Negeri Sembilan"
"apt puchong permata court 2 non bumi, corner lot",265000,"today, 15:58","Jobs","Used","Kuala Lumpur"
"motor kanak-kanak polis toys mainan children^",295,"today, 15:58","Games & Consoles","New","Kuala Lumpur"
"baju a new age of darkness begins",30,"today, 15:58","Bed & Bath","Pre-owned (Used)","Perak"
"artery pal ii",140,"today, 15:58","Commercial Vehicle & Boats","Second-hand (Used)","Selangor"
"kemeja polo ralph lauren - miq149",45,"today, 15:58","Home Appliances & Kitchen","Pre-owned (Used)","Selangor"
"new era mishka keep watch cap [rare]",180,"today, 15:58","Jobs","New","Selangor"
"kasut converse",150,"today, 15:58","Furniture & Decoration","New","Johor"
"kids girl pink shirt",3,"today, 15:58","Car Accessories & Parts","Second-hand (Used)","Johor"
"vape",250,"today, 15:58","Hobby & Collectibles","Second-hand (Used)","Perak"
"kids girl pink shirt",3,"today, 16:01","Furniture & Decoration","Second-hand (Used)","Melaka"
"mercedes benz w124 w210 door center centre lock",150,"today, 15:56","Jobs","Second-hand (Used)","Kuala Lumpur"
"princess dress - age 2 to 3yr",180,"today, 15:58","Clothes","Used","Kuala Lumpur"
"2016 aprilia rsv4",78000,"today, 15:58","Mobile Phones & Gadgets","New","Kedah"
"",0,"today, 15:58","Clothes","Second-hand (Used)","Kuala Lumpur"
"2019 proton saga 1.3 full loan cash back low%",29900,"today, 15:57","Shoes","Second-hand (Used)","Selangor"
"below market 35% | the pearl, klcc, kl city | freehold 3089sf",1749600,"today, 15:57","Moms & Kids","Pre-owned (Used)","Kelantan"
"renoma junior kids girl shirt",3,"today, 15:57","Mobile Phones & Gadgets","Pre-owned (Used)","Terengganu"
"specialize in laying artificial carpet grass",1111,"today, 15:58","Games & Consoles","Second-hand (Used)","Selangor"
"princess dress - age 2 to 3yr",180,"today, 15:57","Motorcycles","New","Selangor"
"foot massage and spa",300,"today, 15:57","Motorcycles","New","Kuala Lumpur"
"vape",250,"today, 15:58","Car Accessories & Parts","Second-hand (Used)","Terengganu"
"taman jasa perwira (non bumi lot)",300000,"today, 15:57","Moms & Kids","Used","Melaka"
"new era mishka keep watch cap [rare]",180,"today, 15:57","Moms & Kids","Second-hand (Used)","Penang"
"assistant compliance officer",NA,"today, 15:58","Watches & Fashion Accessories","Pre-owned (Used)","Johor"
"1998 c70 cdi (sukom360)",5000,"today, 15:56","Mobile Phones & Gadgets","New","Selangor"
"specialize in laying artificial carpet grass",1111,"today, 15:57","Health & Beauty","Second-hand (Used)","Johor"
"foot massage and spa",300,"today, 15:57","Watches & Fashion Accessories","New","Melaka"
"tanah lot untuk dijual di pasir panjang, manjung",85000,"today, 15:57","Furniture & Decoration","Second-hand (Used)","Terengganu"
"mercedes benz w124 w210 door center centre lock",150,"today, 15:57","Car Accessories & Parts","Second-hand (Used)","Kelantan"
"tanah lot untuk dijual di pasir panjang, manjung",85000,"today, 15:58","Bed & Bath","Second-hand (Used)","Selangor"
"1998 c70 cdi (sukom360)",5000,"today, 15:57","Motorcycles","New","Selangor"
"2016 aprilia rsv4",78000,"today, 15:58","Motorcycles","Used","Kelantan"
"tablets acer 8""",300,"today, 15:56","Mobile Phones & Gadgets","Used","Selangor"
"masih ok semua macam baru",130,"today, 15:56","Cameras & Photography","Second-hand (Used)","Melaka"
"pacific place block f near evolve mall",550000,"today, 15:56","Hobby & Collectibles","Second-hand (Used)","Selangor"
"mercedes benz fh25 giga space 1/50",450,"today, 15:56","Jobs","Used","Johor"
"tanah lot untuk dijual segera",85000,"today, 15:56","Mobile Phones & Gadgets","New","Selangor"
"tablets acer 8""",300,"3 jul, 17:27","Jobs","Used","Perak"
"kelana impian",420000,"3 jul, 17:27","Jobs","Pre-owned (Used)","Kelantan"
"2.5 storey corner house for sale",1100000,"today, 16:01","Games & Consoles","Second-hand (Used)","Pahang"
"taman jasa perwira (non bumi lot)",300000,"today, 15:58","Bed & Bath","Pre-owned (Used)","Perak"
"1998 c70 cdi (sukom360)",5000,"today, 15:58","Jobs","Second-hand (Used)","Johor"
"",0,"today, 15:58","Mobile Phones & Gadgets","New","Selangor"
"assistant compliance officer",NA,"today, 15:58","Commercial Vehicle & Boats","New","Negeri Sembilan"
"taman bukit rambai seksyen 2",250000,"today, 15:58","Home Appliances & Kitchen","Second-hand (Used)","Kuala Lumpur"
"midlands condo",430000,"today, 15:58","Furniture & Decoration","Second-hand (Used)","Kuala Lumpur"
"vivo y53",300,"today, 15:58","Car Accessories & Parts","Used","Perak"
"marketing executive (urgent!!)",NA,"today, 15:58","Hobby & Collectibles","New","Selangor"
"resident evil 2",170,"today, 15:58","Clothes","Second-hand (Used)","Selangor"
"new-panasonic dh-3rl1mw water heater(no pump)",255,"today, 15:58","Mobile Phones & Gadgets","Second-hand (Used)","Selangor"
"masih ok semua macam baru",130,"today, 16:01","Games & Consoles","Second-hand (Used)","Johor"
"toyota hiace 2.4 diesel",65000,"today, 15:58","Clothes","Pre-owned (Used)","Johor"
"tanah untuk ladang sawit",6500,"today, 15:58","Shoes","Pre-owned (Used)","Perak"
"artery pal ii",140,"today, 15:58","Clothes","Second-hand (Used)","Selangor"
"mercedes benz w124 w210 door center centre lock",150,"today, 15:58","Commercial Vehicle & Boats","Used","Kuala Lumpur"
"panasonic water pump",280,"today, 15:58","Moms & Kids","New","Kuala Lumpur"
"new era mishka keep watch cap [rare]",180,"today, 15:58","Mobile Phones & Gadgets","New","Kedah"
"bsp skypark,bdr saujana putra",390000,"today, 15:58","Motorcycles","Used","Kuala Lumpur"
"ikea mirror",50,"today, 15:58","Computers & Accessories","Second-hand (Used)","Selangor"
"toyota side mirror",230,"today, 15:58","Furniture & Decoration","Second-hand (Used)","Kelantan"
"apt puchong permata court 2 non bumi, corner lot",265000,"today, 15:58","Moms & Kids","New","Terengganu"
"motor kanak-kanak polis toys mainan children^",295,"today, 15:58","Moms & Kids","Second-hand (Used)","Selangor"
"baju a new age of darkness begins",30,"today, 15:58","Health & Beauty","Second-hand (Used)","Selangor"
"pacific place block f near evolve mall",550000,"today, 15:58","Bed & Bath","Second-hand (Used)","Kuala Lumpur"
"marketing executive (urgent!!)",NA,"today, 15:57","Furniture & Decoration","New","Perak"
"2019 proton saga 1.3 full loan cash back low%",29900,"today, 15:58","Cameras & Photography","Second-hand (Used)","Selangor"
"artery pal ii",140,"today, 15:58","Watches & Fashion Accessories","New","Melaka"
"1998 c70 cdi (sukom360)",5000,"today, 15:58","Home Appliances & Kitchen","New","Penang"
"kemeja polo ralph lauren - miq149",45,"today, 15:58","Furniture & Decoration","Used","Johor"
"kasut converse",150,"today, 15:58","Car Accessories & Parts","Second-hand (Used)","Selangor"
"kids girl pink shirt",3,"today, 15:58","Motorcycles","Second-hand (Used)","Johor"
"specialize in laying artificial carpet grass",1111,"today, 15:57","Mobile Phones & Gadgets","Used","Melaka"
"vape",250,"today, 15:57","Cameras & Photography","New","Terengganu"
"2016 aprilia rsv4",78000,"today, 15:57","Hobby & Collectibles","Pre-owned (Used)","Kelantan"
"",0,"today, 15:57","Jobs","Second-hand (Used)","Selangor"
"2019 proton saga 1.3 full loan cash back low%",29900,"today, 15:57","Mobile Phones & Gadgets","Pre-owned (Used)","Selangor"
"below market 35% | the pearl, klcc, kl city | freehold 3089sf",1749600,"today, 15:58","Hobby & Collectibles","Second-hand (Used)","Melaka"
"below market 35% | the pearl, klcc, kl city | freehold 3089sf",1749600,"today, 15:57","Jobs","New","Selangor"
"mercedes benz fh25 giga space 1/50",450,"today, 15:58","Commercial Vehicle & Boats","Used","Melaka"
"tablets acer 8""",300,"today, 15:58","Furniture & Decoration","Second-hand (Used)","Selangor"
"renoma junior kids girl shirt",3,"today, 15:57","Games & Consoles","Second-hand (Used)","Johor"
"princess dress - age 2 to 3yr",180,"today, 15:57","Bed & Bath","Second-hand (Used)","Selangor"
"foot massage and spa",300,"today, 15:57","Commercial Vehicle & Boats","Used","Perak"
"taman jasa perwira (non bumi lot)",300000,"today, 15:57","Home Appliances & Kitchen","New","Kelantan"
"new era mishka keep watch cap [rare]",180,"today, 15:57","Furniture & Decoration","Second-hand (Used)","Pahang"
"foot massage and spa",300,"today, 15:57","Car Accessories & Parts","Second-hand (Used)","Perak"
"tanah lot untuk dijual di pasir panjang, manjung",85000,"today, 15:56","Hobby & Collectibles","Pre-owned (Used)","Johor"
"bsp skypark,bdr saujana putra",390000,"today, 15:58","Jobs","Pre-owned (Used)","Selangor"
"specialize in laying artificial carpet grass",1111,"today, 15:56","Clothes","Pre-owned (Used)","Negeri Sembilan"
"tanah lot untuk dijual di pasir panjang, manjung",85000,"today, 15:56","Mobile Phones & Gadgets","New","Kuala Lumpur"
"mercedes benz w124 w210 door center centre lock",150,"today, 15:56","Clothes","New","Kuala Lumpur"
"masih ok semua macam baru",130,"today, 15:58","Car Accessories & Parts","Second-hand (Used)","Perak"
"tanah lot untuk dijual segera",85000,"today, 15:58","Home Appliances & Kitchen","New","Selangor"
"1998 c70 cdi (sukom360)",5000,"today, 15:56","Shoes","Used","Selangor"
"tablets acer 8""",300,"3 jul, 17:27","Moms & Kids","Second-hand (Used)","Selangor"
"masih ok semua macam baru",130,"today, 16:01","Mobile Phones & Gadgets","Second-hand (Used)","Johor"
"pacific place block f near evolve mall",550000,"today, 15:58","Motorcycles","New","Johor"
"mercedes benz fh25 giga space 1/50",450,"today, 15:58","Car Accessories & Parts","Second-hand (Used)","Perak"
"renoma junior kids girl shirt",3,"today, 15:58","Mobile Phones & Gadgets","Pre-owned (Used)","Johor"
"tanah lot untuk dijual segera",85000,"today, 15:58","Moms & Kids","Second-hand (Used)","Kuala Lumpur"
"kelana impian",420000,"today, 15:58","Moms & Kids","New","Kuala Lumpur"
"mercedes benz w124 w210 door center centre lock",150,"today, 15:58","Health & Beauty","Used","Kedah"
"2.5 storey corner house for sale",1100000,"today, 15:58","Watches & Fashion Accessories","Second-hand (Used)","Kuala Lumpur"
"assistant compliance officer",NA,"today, 15:58","Commercial Vehicle & Boats","New","Selangor"
"pacific place block f near evolve mall",550000,"today, 15:58","Hobby & Collectibles","Pre-owned (Used)","Kelantan"
"assistant compliance officer",NA,"today, 15:58","Furniture & Decoration","Second-hand (Used)","Terengganu"
"pacific place block f near evolve mall",550000,"today, 15:58","Furniture & Decoration","Pre-owned (Used)","Selangor"
"taman bukit rambai seksyen 2",250000,"today, 15:58","Car Accessories & Parts","Used","Selangor"
"midlands condo",430000,"today, 15:58","Motorcycles","New","Kuala Lumpur"
"princess dress - age 2 to 3yr",180,"today, 15:58","Jobs","New","Selangor"
"vivo y53",300,"today, 15:58","Mobile Phones & Gadgets","Pre-owned (Used)","Melaka"
"marketing executive (urgent!!)",NA,"today, 15:58","Cameras & Photography","Second-hand (Used)","Penang"
"resident evil 2",170,"today, 15:58","Hobby & Collectibles","Pre-owned (Used)","Johor"
"new-panasonic dh-3rl1mw water heater(no pump)",255,"today, 15:58","Jobs","New","Selangor"
"toyota hiace 2.4 diesel",65000,"today, 15:58","Mobile Phones & Gadgets","Second-hand (Used)","Johor"
"tanah untuk ladang sawit",6500,"today, 15:58","Jobs","Second-hand (Used)","Melaka"
"vivo y53",300,"today, 15:58","Clothes","Pre-owned (Used)","Terengganu"
"1998 c70 cdi (sukom360)",5000,"today, 15:58","Games & Consoles","Used","Kelantan"
"panasonic water pump",280,"today, 15:58","Bed & Bath","New","Selangor"
"kelana impian",420000,"today, 15:58","Car Accessories & Parts","Second-hand (Used)","Selangor"
"toyota hiace 2.4 diesel",65000,"today, 15:58","Jobs","New","Perak"
"bsp skypark,bdr saujana putra",390000,"today, 15:58","Commercial Vehicle & Boats","Second-hand (Used)","Selangor"
"ikea mirror",50,"today, 15:58","Home Appliances & Kitchen","Second-hand (Used)","Melaka"
"toyota side mirror",230,"today, 15:58","Furniture & Decoration","Pre-owned (Used)","Selangor"
"apt puchong permata court 2 non bumi, corner lot",265000,"today, 15:58","Car Accessories & Parts","Pre-owned (Used)","Johor"
"motor kanak-kanak polis toys mainan children^",295,"today, 15:58","Hobby & Collectibles","New","Selangor"
"baju a new age of darkness begins",30,"today, 15:57","Clothes","New","Perak"
"artery pal ii",140,"today, 15:57","Mobile Phones & Gadgets","Used","Kelantan"
"mercedes benz fh25 giga space 1/50",450,"today, 15:58","Mobile Phones & Gadgets","New","Pahang"
"kemeja polo ralph lauren - miq149",45,"today, 15:57","Clothes","Second-hand (Used)","Perak"
"kasut converse",150,"today, 15:57","Shoes","Second-hand (Used)","Johor"
"foot massage and spa",300,"today, 15:58","Games & Consoles","New","Kelantan"
"tablets acer 8""",300,"today, 15:57","Moms & Kids","New","Negeri Sembilan"
"2.5 storey corner house for sale",1100000,"today, 15:58","Hobby & Collectibles","Pre-owned (Used)","Kuala Lumpur"
"kids girl pink shirt",3,"today, 15:57","Mobile Phones & Gadgets","Second-hand (Used)","Kuala Lumpur"
"vape",250,"today, 15:57","Motorcycles","Second-hand (Used)","Perak"
"2016 aprilia rsv4",78000,"today, 15:57","Full-time","New","Selangor"
"",0,"today, 15:57","Kedah","Used","Selangor"
"2019 proton saga 1.3 full loan cash back low%",29900,"today, 15:57","Moms & Kids","Second-hand (Used)","Selangor"
"below market 35% | the pearl, klcc, kl city | freehold 3089sf",1749600,"today, 15:57","Moms & Kids","Second-hand (Used)","Johor"
"tanah lot untuk dijual segera",85000,"today, 15:58","Clothes","New","Johor"
"renoma junior kids girl shirt",3,"today, 15:57","Health & Beauty","Used","Perak"
"taman jasa perwira (non bumi lot)",300000,"today, 15:58","Bed & Bath","Used","Pahang"
"princess dress - age 2 to 3yr",180,"today, 15:56","Watches & Fashion Accessories","New","Kuala Lumpur"
"foot massage and spa",300,"today, 15:56","Furniture & Decoration","Pre-owned (Used)","Kuala Lumpur"
"taman jasa perwira (non bumi lot)",300000,"today, 15:56","Car Accessories & Parts","Second-hand (Used)","Kedah"
"assistant compliance officer",NA,"today, 15:58","Clothes","New","Kuala Lumpur"
"masih ok semua macam baru",130,"today, 15:56","Motorcycles","Pre-owned (Used)","Selangor"
"new era mishka keep watch cap [rare]",180,"today, 15:56","Mobile Phones & Gadgets","New","Kelantan"
"specialize in laying artificial carpet grass",1111,"3 jul, 17:27","Cameras & Photography","Second-hand (Used)","Terengganu"
"tanah lot untuk dijual di pasir panjang, manjung",85000,"today, 16:01","Hobby & Collectibles","Second-hand (Used)","Selangor"
"mercedes benz w124 w210 door center centre lock",150,"today, 15:58","Jobs","Used","Selangor"
"kelana impian",420000,"today, 15:58","Shoes","Used","Kuala Lumpur"
"new era mishka keep watch cap [rare]",180,"today, 15:58","Commercial Vehicle & Boats","Second-hand (Used)","Perak"
"1998 c70 cdi (sukom360)",5000,"today, 15:58","Mobile Phones & Gadgets","New","Melaka"
"tablets acer 8""",300,"today, 15:58","Jobs","Second-hand (Used)","Penang"
"masih ok semua macam baru",130,"today, 15:58","Games & Consoles","Second-hand (Used)","Johor"
"pacific place block f near evolve mall",550000,"today, 15:58","Bed & Bath","Pre-owned (Used)","Selangor"
"mercedes benz fh25 giga space 1/50",450,"today, 15:58","Commercial Vehicle & Boats","Pre-owned (Used)","Johor"
"taman bukit rambai seksyen 2",250000,"today, 15:58","Furniture & Decoration","Pre-owned (Used)","Melaka"
"taman bukit rambai seksyen 2",250000,"today, 15:58","Mobile Phones & Gadgets","Second-hand (Used)","Terengganu"
"tanah lot untuk dijual segera",85000,"today, 15:58","Home Appliances & Kitchen","New","Kelantan"
"pacific place block f near evolve mall",550000,"today, 15:58","Furniture & Decoration","New","Selangor"
"kelana impian",420000,"today, 15:58","Car Accessories & Parts","Used","Selangor"
"specialize in laying artificial carpet grass",1111,"today, 15:58","Home Appliances & Kitchen","Second-hand (Used)","Johor"
"2.5 storey corner house for sale",1100000,"today, 15:58","Moms & Kids","Second-hand (Used)","Selangor"
"2.5 storey corner house for sale",1100000,"today, 15:58","Hobby & Collectibles","Second-hand (Used)","Melaka"
"assistant compliance officer",NA,"today, 15:58","Clothes","Second-hand (Used)","Selangor"
"taman bukit rambai seksyen 2",250000,"today, 15:58","Mobile Phones & Gadgets","New","Johor"
"midlands condo",430000,"today, 15:58","Clothes","Second-hand (Used)","Selangor"
"vivo y53",300,"today, 15:58","Shoes","Second-hand (Used)","Perak"
"marketing executive (urgent!!)",NA,"today, 15:58","Moms & Kids","New","Kelantan"
"resident evil 2",170,"today, 15:58","Mobile Phones & Gadgets","Used","Pahang"
"midlands condo",430000,"today, 15:58","Clothes","Second-hand (Used)","Perak"
"new-panasonic dh-3rl1mw water heater(no pump)",255,"today, 15:58","Motorcycles","Second-hand (Used)","Johor"
"motor kanak-kanak polis toys mainan children^",295,"today, 15:58","Car Accessories & Parts","New","Selangor"
"tanah lot untuk dijual di pasir panjang, manjung",85000,"today, 15:58","Furniture & Decoration","New","Negeri Sembilan"
"toyota hiace 2.4 diesel",65000,"today, 15:58","Motorcycles","Second-hand (Used)","Negeri Sembilan"
"panasonic water pump",280,"today, 15:58","Games & Consoles","New","Kuala Lumpur"
"mercedes benz fh25 giga space 1/50",450,"today, 15:58","Moms & Kids","Used","Kuala Lumpur"
"tanah untuk ladang sawit",6500,"today, 15:58","Moms & Kids","New","Perak"
"panasonic water pump",280,"today, 15:58","Health & Beauty","Pre-owned (Used)","Selangor"
"bsp skypark,bdr saujana putra",390000,"today, 15:58","Watches & Fashion Accessories","Second-hand (Used)","Selangor"
"ikea mirror",50,"today, 15:57","Furniture & Decoration","Pre-owned (Used)","Selangor"
"toyota side mirror",230,"today, 15:57","Car Accessories & Parts","New","Johor"
"apt puchong permata court 2 non bumi, corner lot",265000,"today, 15:57","Motorcycles","Second-hand (Used)","Johor"
"motor kanak-kanak polis toys mainan children^",295,"today, 15:57","Mobile Phones & Gadgets","Second-hand (Used)","Perak"
"kemeja polo ralph lauren - miq149",45,"today, 15:58","Mobile Phones & Gadgets","Pre-owned (Used)","Kuala Lumpur"
"vivo y53",300,"today, 15:58","Shoes","Used","Kuala Lumpur"
"baju a new age of darkness begins",30,"today, 15:57","Cameras & Photography","Used","Kuala Lumpur"
"assistant compliance officer",NA,"today, 15:58","Mobile Phones & Gadgets","Second-hand (Used)","Kedah"
"artery pal ii",140,"today, 15:57","Hobby & Collectibles",NA,"Kuala Lumpur"
"kemeja polo ralph lauren - miq149",45,"today, 15:57","Jobs",NA,"Selangor"
"tanah lot untuk dijual segera",85000,"today, 15:57","Mobile Phones & Gadgets",NA,"Kelantan"
"kasut converse",150,"today, 15:57","Jobs",NA,"Terengganu"
"kids girl pink shirt",3,"today, 15:57","Games & Consoles",NA,"Selangor"
"vape",250,"today, 15:57","Bed & Bath",NA,"Selangor"
"2016 aprilia rsv4",78000,"today, 15:57","Commercial Vehicle & Boats",NA,"Kuala Lumpur"
"mercedes benz w124 w210 door center centre lock",150,"today, 15:58","Car Accessories & Parts","Second-hand (Used)","Kuala Lumpur"
"",0,"today, 15:56","Home Appliances & Kitchen",NA,"Melaka"
"2019 proton saga 1.3 full loan cash back low%",29900,"today, 15:56","Furniture & Decoration",NA,"Penang"
"marketing executive (urgent!!)",NA,"today, 15:58","Moms & Kids","New","Johor"
"taman bukit rambai seksyen 2",250000,"today, 15:58","Motorcycles","New","Selangor"
"below market 35% | the pearl, klcc, kl city | freehold 3089sf",1749600,"today, 15:56","Car Accessories & Parts",NA,"Johor"
"renoma junior kids girl shirt",3,"today, 15:56","Hobby & Collectibles",NA,"Melaka"
"princess dress - age 2 to 3yr",180,"today, 15:56","Clothes",NA,"Terengganu"
"foot massage and spa",300,"3 jul, 17:27","Mobile Phones & Gadgets",NA,"Kelantan"
"kelana impian",420000,"today, 16:01","Clothes",NA,"Selangor"
"taman jasa perwira (non bumi lot)",300000,"today, 15:58","Shoes",NA,"Selangor"
"1998 c70 cdi (sukom360)",5000,"today, 15:58","Hobby & Collectibles","Second-hand (Used)","Perak"
"new era mishka keep watch cap [rare]",180,"today, 15:58","Moms & Kids",NA,"Selangor"
"specialize in laying artificial carpet grass",1111,"today, 15:58","Mobile Phones & Gadgets",NA,"Melaka"
"tanah lot untuk dijual di pasir panjang, manjung",85000,"today, 15:58","Motorcycles",NA,"Selangor"
"mercedes benz w124 w210 door center centre lock",150,"today, 15:58","Mobile Phones & Gadgets",NA,"Johor"
"midlands condo",430000,"today, 15:58","Mobile Phones & Gadgets","Second-hand (Used)","Selangor"
"resident evil 2",170,"today, 15:58","Mobile Phones & Gadgets","Second-hand (Used)","Perak"
"1998 c70 cdi (sukom360)",5000,"today, 15:58","Moms & Kids",NA,"Kelantan"
"tablets acer 8""",300,"today, 15:58","Moms & Kids",NA,"Pahang"
"masih ok semua macam baru",130,"today, 15:58","Health & Beauty",NA,"Perak"
"pacific place block f near evolve mall",550000,"today, 15:58","Watches & Fashion Accessories",NA,"Johor"
"tablets acer 8""",300,"today, 15:58","Clothes","New","Selangor"
"mercedes benz fh25 giga space 1/50",450,"today, 15:58","Furniture & Decoration",NA,"Negeri Sembilan"
"2.5 storey corner house for sale",1100000,"today, 15:58","Car Accessories & Parts",NA,"Kuala Lumpur"
"tanah lot untuk dijual segera",85000,"today, 15:58","Motorcycles",NA,"Kuala Lumpur"
"kelana impian",420000,"today, 15:58","Mobile Phones & Gadgets",NA,"Perak"
"2.5 storey corner house for sale",1100000,"today, 15:58","Cameras & Photography",NA,"Selangor"
"toyota hiace 2.4 diesel",65000,"today, 15:58","Home Appliances & Kitchen","Second-hand (Used)","Selangor"
"vivo y53",300,"today, 15:58","Moms & Kids","Second-hand (Used)","Selangor"
"assistant compliance officer",NA,"today, 15:58","Hobby & Collectibles",NA,"Johor"
"new-panasonic dh-3rl1mw water heater(no pump)",255,"today, 15:58","Motorcycles","Second-hand (Used)","Johor"
"taman bukit rambai seksyen 2",250000,"today, 15:58","Jobs",NA,"Perak"
"renoma junior kids girl shirt",3,"today, 15:58","Mobile Phones & Gadgets","Used","Selangor"
"midlands condo",430000,"today, 15:58","Mobile Phones & Gadgets",NA,"Kuala Lumpur"
"vivo y53",300,"today, 15:58","Jobs",NA,"Kuala Lumpur"
"marketing executive (urgent!!)",NA,"today, 15:58","Games & Consoles",NA,"Kedah"
"resident evil 2",170,"today, 15:58","Bed & Bath",NA,"Kuala Lumpur"
"new-panasonic dh-3rl1mw water heater(no pump)",255,"today, 15:58","Commercial Vehicle & Boats",NA,"Selangor"
"taman jasa perwira (non bumi lot)",300000,"today, 15:58","Home Appliances & Kitchen",NA,"Kelantan"
"assistant compliance officer",NA,"today, 15:57","Furniture & Decoration",NA,"Terengganu"
"marketing executive (urgent!!)",NA,"today, 15:58","Moms & Kids","New","Selangor"
"toyota hiace 2.4 diesel",65000,"today, 15:57","Car Accessories & Parts",NA,"Selangor"
"tanah untuk ladang sawit",6500,"today, 15:57","Hobby & Collectibles",NA,"Kuala Lumpur"
"baju a new age of darkness begins",30,"today, 15:57","Moms & Kids","New","Selangor"
"toyota hiace 2.4 diesel",65000,"today, 15:58","Moms & Kids","Pre-owned (Used)","Melaka"
"panasonic water pump",280,"today, 15:57","Clothes",NA,"Penang"
"bsp skypark,bdr saujana putra",390000,"today, 15:57","Mobile Phones & Gadgets",NA,"Johor"
"ikea mirror",50,"today, 15:57","Clothes",NA,"Selangor"
"toyota side mirror",230,"today, 15:57","Shoes",NA,"Johor"
"apt puchong permata court 2 non bumi, corner lot",265000,"today, 15:57","Moms & Kids",NA,"Melaka"
"motor kanak-kanak polis toys mainan children^",295,"today, 15:57","Mobile Phones & Gadgets",NA,"Terengganu"
"baju a new age of darkness begins",30,"today, 15:57","Motorcycles",NA,"Kelantan"
"resident evil 2",170,"today, 15:58","Health & Beauty","Used","Selangor"
"artery pal ii",140,"today, 15:57","Transport",NA,"Selangor"
"ikea mirror",50,"today, 15:58","Clothes","Second-hand (Used)","Johor"
"taman bukit rambai seksyen 2",250000,"today, 15:57","Selangor",NA,"Selangor"
"kemeja polo ralph lauren - miq149",45,"today, 15:56","Moms & Kids","Pre-owned (Used)","Melaka"
"mercedes benz fh25 giga space 1/50",450,"today, 15:58","Health & Beauty","New","Selangor"
"kasut converse",150,"today, 15:56","Watches & Fashion Accessories","New","Johor"
"kids girl pink shirt",3,"today, 15:56","Car Accessories & Parts","New","Selangor"
"vape",250,"today, 15:56","Furniture & Decoration","Used","Perak"
"2016 aprilia rsv4",78000,"today, 15:56","Car Accessories & Parts","Second-hand (Used)","Kelantan"
"",0,"3 jul, 17:27","Motorcycles","Second-hand (Used)","Pahang"
"2019 proton saga 1.3 full loan cash back low%",29900,"today, 16:01","Mobile Phones & Gadgets","New","Perak"
"marketing executive (urgent!!)",NA,"today, 15:58","Watches & Fashion Accessories","Second-hand (Used)","Johor"
"masih ok semua macam baru",130,"today, 15:58","Shoes","Second-hand (Used)","Johor"
"below market 35% | the pearl, klcc, kl city | freehold 3089sf",1749600,"today, 15:58","Cameras & Photography","Second-hand (Used)","Negeri Sembilan"
"renoma junior kids girl shirt",3,"today, 15:58","Hobby & Collectibles","Second-hand (Used)","Kuala Lumpur"
"princess dress - age 2 to 3yr",180,"today, 15:58","Jobs","New","Kuala Lumpur"
"midlands condo",430000,"today, 15:58","Mobile Phones & Gadgets","Used","Perak"
"tanah untuk ladang sawit",6500,"today, 15:58","Jobs","Second-hand (Used)","Selangor"
"foot massage and spa",300,"today, 15:58","Games & Consoles","Second-hand (Used)","Selangor"
"taman jasa perwira (non bumi lot)",300000,"today, 15:58","Motorcycles","New","Selangor"
"new era mishka keep watch cap [rare]",180,"today, 15:58","Bed & Bath","Used","Johor"
"specialize in laying artificial carpet grass",1111,"today, 15:58","Commercial Vehicle & Boats","New","Johor"
"tanah lot untuk dijual di pasir panjang, manjung",85000,"today, 15:58","Home Appliances & Kitchen","Pre-owned (Used)","Perak"
"pacific place block f near evolve mall",550000,"today, 15:58","Moms & Kids","Used","Perak"
"new-panasonic dh-3rl1mw water heater(no pump)",255,"today, 15:57","Furniture & Decoration","Second-hand (Used)","Kuala Lumpur"
"mercedes benz w124 w210 door center centre lock",150,"today, 15:58","Furniture & Decoration","Second-hand (Used)","Kuala Lumpur"
"1998 c70 cdi (sukom360)",5000,"today, 15:58","Car Accessories & Parts","Pre-owned (Used)","Kedah"
"tablets acer 8""",300,"today, 15:58","Hobby & Collectibles","New","Kuala Lumpur"
"masih ok semua macam baru",130,"today, 15:58","Clothes","Second-hand (Used)","Selangor"
"pacific place block f near evolve mall",550000,"today, 15:58","Mobile Phones & Gadgets","Second-hand (Used)","Kelantan"
"panasonic water pump",280,"today, 15:58","Clothes","Used","Terengganu"
"vivo y53",300,"today, 15:58","Shoes","New","Selangor"
"mercedes benz fh25 giga space 1/50",450,"today, 15:58","Mobile Phones & Gadgets","Used","Selangor"
"tanah lot untuk dijual segera",85000,"today, 15:58","Moms & Kids","Second-hand (Used)","Kuala Lumpur"
"tanah untuk ladang sawit",6500,"today, 15:57","Car Accessories & Parts","Used","Selangor"
"mercedes benz fh25 giga space 1/50",450,"today, 15:58","Mobile Phones & Gadgets","New","Kuala Lumpur"
"kelana impian",420000,"today, 15:58","Mobile Phones & Gadgets","Second-hand (Used)","Melaka"
"toyota hiace 2.4 diesel",65000,"today, 15:57","Car Accessories & Parts","Used","Penang"
"2.5 storey corner house for sale",1100000,"today, 15:58","Motorcycles","Pre-owned (Used)","Johor"
"assistant compliance officer",NA,"today, 15:58","Pets","Pre-owned (Used)","Selangor"
"taman bukit rambai seksyen 2",250000,"today, 15:58","Others","New","Johor"
"midlands condo",430000,"today, 15:58","Selangor","New","Melaka"
"vivo y53",300,"today, 15:57","Moms & Kids","Used","Terengganu"
"marketing executive (urgent!!)",NA,"today, 15:57","Moms & Kids","Second-hand (Used)","Kelantan"
"midlands condo",430000,"today, 15:58","Health & Beauty","Second-hand (Used)","Selangor"
"bsp skypark,bdr saujana putra",390000,"today, 15:58","Watches & Fashion Accessories","New","Selangor"
"tanah lot untuk dijual segera",85000,"today, 15:58","Motorcycles","Pre-owned (Used)","Kuala Lumpur"
"resident evil 2",170,"today, 15:57","Cameras & Photography","Second-hand (Used)","Selangor"
"marketing executive (urgent!!)",NA,"today, 15:57","Furniture & Decoration","Second-hand (Used)","Melaka"
"tanah untuk ladang sawit",6500,"today, 15:57","Motorcycles","New","Selangor"
"new-panasonic dh-3rl1mw water heater(no pump)",255,"today, 15:57","Car Accessories & Parts","Second-hand (Used)","Johor"
"toyota hiace 2.4 diesel",65000,"today, 15:57","Motorcycles","New","Selangor"
"tanah untuk ladang sawit",6500,"today, 15:57","Mobile Phones & Gadgets","Used","Perak"
"panasonic water pump",280,"today, 15:57","Cameras & Photography","Second-hand (Used)","Kelantan"
"bsp skypark,bdr saujana putra",390000,"today, 15:57","Hobby & Collectibles","Second-hand (Used)","Pahang"
"ikea mirror",50,"today, 15:57","Jobs","Used","Perak"
"toyota side mirror",230,"today, 15:57","Mobile Phones & Gadgets","New","Johor"
"kelana impian",420000,"today, 15:57","Moms & Kids","Second-hand (Used)","Kedah"
"apt puchong permata court 2 non bumi, corner lot",265000,"today, 15:57","Jobs","Pre-owned (Used)","Negeri Sembilan"
"ikea mirror",50,"today, 15:58","Games & Consoles","Second-hand (Used)","Kuala Lumpur"
"motor kanak-kanak polis toys mainan children^",295,"today, 15:56",NA,NA,"Kuala Lumpur"
"bsp skypark,bdr saujana putra",390000,"today, 15:58","Bed & Bath","Used","Perak"
"baju a new age of darkness begins",30,"today, 15:56",NA,NA,"Selangor"
"resident evil 2",170,"today, 15:56",NA,NA,"Selangor"
"artery pal ii",140,"today, 15:56",NA,NA,"Selangor"
"kemeja polo ralph lauren - miq149",45,"today, 15:56",NA,NA,"Johor"
"kasut converse",150,"3 jul, 17:27",NA,NA,"Johor"
"kids girl pink shirt",3,"today, 16:01",NA,NA,"Perak"
"kasut converse",150,"today, 15:58","Clothes","New","Kuala Lumpur"
"vape",250,"today, 15:58",NA,NA,"Kuala Lumpur"
"2016 aprilia rsv4",78000,"today, 15:58",NA,NA,"Kuala Lumpur"
"",0,"today, 15:58",NA,NA,"Kedah"
"toyota side mirror",230,"today, 15:58",NA,NA,"Kuala Lumpur"
"panasonic water pump",280,"today, 15:57","Mobile Phones & Gadgets","Pre-owned (Used)","Selangor"
"2019 proton saga 1.3 full loan cash back low%",29900,"today, 15:58",NA,NA,"Kelantan"
"below market 35% | the pearl, klcc, kl city | freehold 3089sf",1749600,"today, 15:58",NA,NA,"Terengganu"
"renoma junior kids girl shirt",3,"today, 15:58",NA,NA,"Selangor"
"new-panasonic dh-3rl1mw water heater(no pump)",255,"today, 15:58",NA,NA,"Selangor"
"princess dress - age 2 to 3yr",180,"today, 15:58",NA,NA,"Kuala Lumpur"
"2.5 storey corner house for sale",1100000,"today, 15:57","Moms & Kids","Pre-owned (Used)","Selangor"
"foot massage and spa",300,"today, 15:58",NA,NA,"Melaka"
"taman jasa perwira (non bumi lot)",300000,"today, 15:58",NA,NA,"Penang"
"new era mishka keep watch cap [rare]",180,"today, 15:58",NA,NA,"Johor"
"specialize in laying artificial carpet grass",1111,"today, 15:58",NA,NA,"Selangor"
"tanah lot untuk dijual di pasir panjang, manjung",85000,"today, 15:58",NA,NA,"Johor"
"bsp skypark,bdr saujana putra",390000,"today, 15:57","Cameras & Photography","Second-hand (Used)","Melaka"
"apt puchong permata court 2 non bumi, corner lot",265000,"today, 15:58",NA,NA,"Terengganu"
"mercedes benz w124 w210 door center centre lock",150,"today, 15:58",NA,NA,"Kelantan"
"1998 c70 cdi (sukom360)",5000,"today, 15:58",NA,NA,"Selangor"
"tablets acer 8""",300,"today, 15:58",NA,NA,"Selangor"
"assistant compliance officer",NA,"today, 15:57","Health & Beauty","New","Kelantan"
"masih ok semua macam baru",130,"today, 15:58",NA,NA,"Selangor"
"toyota hiace 2.4 diesel",65000,"today, 15:58",NA,NA,"Melaka"
"pacific place block f near evolve mall",550000,"today, 15:58",NA,NA,"Selangor"
"mercedes benz fh25 giga space 1/50",450,"today, 15:58",NA,NA,"Johor"
"tanah lot untuk dijual segera",85000,"today, 15:58",NA,NA,"Selangor"
"kelana impian",420000,"today, 15:58",NA,NA,"Perak"
"tanah untuk ladang sawit",6500,"today, 15:58","Furniture & Decoration","Second-hand (Used)","Kelantan"
"ikea mirror",50,"today, 15:57","Hobby & Collectibles","Pre-owned (Used)","Pahang"
"2.5 storey corner house for sale",1100000,"today, 15:57",NA,NA,"Perak"
"motor kanak-kanak polis toys mainan children^",295,"today, 15:58",NA,NA,"Johor"
"taman bukit rambai seksyen 2",250000,"today, 15:57","Watches & Fashion Accessories","Second-hand (Used)","Terengganu"
"assistant compliance officer",NA,"today, 15:57",NA,NA,"Negeri Sembilan"
"taman bukit rambai seksyen 2",250000,"today, 15:57",NA,NA,"Kuala Lumpur"
"midlands condo",430000,"today, 15:57",NA,NA,"Kuala Lumpur"
"vivo y53",300,"today, 15:57",NA,NA,"Perak"
"marketing executive (urgent!!)",NA,"today, 15:57",NA,NA,"Selangor"
"tanah untuk ladang sawit",6500,"today, 15:57",NA,NA,"Selangor"
"resident evil 2",170,"today, 15:57",NA,NA,"Selangor"
"new-panasonic dh-3rl1mw water heater(no pump)",255,"today, 15:57",NA,NA,"Johor"
"toyota side mirror",230,"today, 15:57","Jobs","New","Johor"
"toyota hiace 2.4 diesel",65000,"today, 15:57",NA,NA,"Perak"
"artery pal ii",140,"today, 15:57","Mobile Phones & Gadgets","New","Selangor"
"tanah untuk ladang sawit",6500,"today, 15:57",NA,NA,"Kuala Lumpur"
"baju a new age of darkness begins",30,"today, 15:57",NA,NA,"Kuala Lumpur"
"panasonic water pump",280,"today, 15:57",NA,NA,"Kedah"
"bsp skypark,bdr saujana putra",390000,"today, 15:56",NA,NA,"Kuala Lumpur"
"ikea mirror",50,"today, 15:56",NA,NA,"Selangor"
"toyota side mirror",230,"today, 15:56",NA,NA,"Kelantan"
"apt puchong permata court 2 non bumi, corner lot",265000,"today, 15:56",NA,NA,"Terengganu"
"motor kanak-kanak polis toys mainan children^",295,"today, 15:56",NA,NA,"Selangor"
"panasonic water pump",280,"3 jul, 17:27",NA,NA,"Selangor"
"apt puchong permata court 2 non bumi, corner lot",265000,"today, 15:57","Mobile Phones & Gadgets","Second-hand (Used)","Kuala Lumpur"
"midlands condo",430000,"today, 15:57","Furniture & Decoration","Second-hand (Used)","Selangor"
"baju a new age of darkness begins",30,"today, 16:01",NA,NA,"Melaka"
"artery pal ii",140,"today, 15:58",NA,NA,"Penang"
"kemeja polo ralph lauren - miq149",45,"today, 15:58",NA,NA,"Johor"
"artery pal ii",140,"today, 15:57",NA,NA,"Selangor"
"kasut converse",150,"today, 15:58",NA,NA,"Johor"
"kids girl pink shirt",3,"today, 15:58",NA,NA,"Melaka"
"vape",250,"today, 15:58",NA,NA,"Terengganu"
"2016 aprilia rsv4",78000,"today, 15:58",NA,NA,"Kelantan"
"",0,"today, 15:58",NA,NA,"Selangor"
"2019 proton saga 1.3 full loan cash back low%",29900,"today, 15:58",NA,NA,"Selangor"
"vivo y53",300,"today, 15:57","Car Accessories & Parts","Used","Kuala Lumpur"
"motor kanak-kanak polis toys mainan children^",295,"today, 15:57","Jobs","Second-hand (Used)","Selangor"
"below market 35% | the pearl, klcc, kl city | freehold 3089sf",1749600,"today, 15:58",NA,NA,"Melaka"
"new era mishka keep watch cap [rare]",180,"today, 15:58",NA,NA,"Selangor"
"bsp skypark,bdr saujana putra",390000,"today, 15:58",NA,NA,"Johor"
"renoma junior kids girl shirt",3,"today, 15:58",NA,NA,"Selangor"
"kemeja polo ralph lauren - miq149",45,"today, 15:57",NA,NA,"Perak"
"princess dress - age 2 to 3yr",180,"today, 15:58",NA,NA,"Kelantan"
"foot massage and spa",300,"today, 15:58",NA,NA,"Pahang"
"taman jasa perwira (non bumi lot)",300000,"today, 15:58",NA,NA,"Perak"
"new era mishka keep watch cap [rare]",180,"today, 15:58",NA,NA,"Johor"
"resident evil 2",170,"today, 15:57","Hobby & Collectibles","Second-hand (Used)","Selangor"
"toyota side mirror",230,"today, 15:57","Motorcycles","New","Melaka"
"specialize in laying artificial carpet grass",1111,"today, 15:58",NA,NA,"Negeri Sembilan"
"baju a new age of darkness begins",30,"today, 15:57","Games & Consoles","Used","Kuala Lumpur"
"tanah lot untuk dijual di pasir panjang, manjung",85000,"today, 15:58",NA,NA,"Kuala Lumpur"
"mercedes benz w124 w210 door center centre lock",150,"today, 15:58",NA,NA,"Perak"
"1998 c70 cdi (sukom360)",5000,"today, 15:58",NA,NA,"Selangor"
"tablets acer 8""",300,"today, 15:58",NA,NA,"Selangor"
"ikea mirror",50,"today, 15:58",NA,NA,"Selangor"
"tanah lot untuk dijual segera",85000,"today, 15:57",NA,NA,"Johor"
"masih ok semua macam baru",130,"today, 15:57",NA,NA,"Johor"
"pacific place block f near evolve mall",550000,"today, 15:57",NA,NA,"Perak"
"marketing executive (urgent!!)",NA,"today, 15:57","Mobile Phones & Gadgets","Second-hand (Used)","Penang"
"mercedes benz fh25 giga space 1/50",450,"today, 15:57",NA,NA,"Kuala Lumpur"
"tanah lot untuk dijual segera",85000,"today, 15:57",NA,NA,"Kuala Lumpur"
"resident evil 2",170,"today, 15:57","Bed & Bath","New","Kedah"
"kelana impian",420000,"today, 15:57",NA,NA,"Kuala Lumpur"
"2.5 storey corner house for sale",1100000,"today, 15:57",NA,NA,"Selangor"
"assistant compliance officer",NA,"today, 15:57",NA,NA,"Kelantan"
"taman bukit rambai seksyen 2",250000,"today, 15:57",NA,NA,"Terengganu"
"midlands condo",430000,"today, 15:57",NA,NA,"Selangor"
"vivo y53",300,"today, 15:57",NA,NA,"Selangor"
"kasut converse",150,"today, 15:57",NA,NA,"Kuala Lumpur"
"resident evil 2",170,"today, 15:57","Cameras & Photography","Second-hand (Used)","Johor"
"toyota side mirror",230,"today, 15:57",NA,NA,"Melaka"
"marketing executive (urgent!!)",NA,"today, 15:57",NA,NA,"Penang"
"resident evil 2",170,"today, 15:56",NA,NA,"Johor"
"artery pal ii",140,"today, 15:57","Commercial Vehicle & Boats","Second-hand (Used)","Selangor"
"new-panasonic dh-3rl1mw water heater(no pump)",255,"today, 15:56",NA,NA,"Johor"
"toyota hiace 2.4 diesel",65000,"today, 15:56",NA,NA,"Melaka"
"tanah untuk ladang sawit",6500,"today, 15:56",NA,NA,"Terengganu"
"panasonic water pump",280,"today, 15:56",NA,NA,"Kelantan"
"bsp skypark,bdr saujana putra",390000,"3 jul, 17:27",NA,NA,"Selangor"
"ikea mirror",50,"today, 16:01",NA,NA,"Selangor"
"new-panasonic dh-3rl1mw water heater(no pump)",255,"today, 15:57","Hobby & Collectibles","Pre-owned (Used)","Selangor"
"toyota side mirror",230,"today, 15:58",NA,NA,"Selangor"
"vivo y53",300,"today, 15:58",NA,NA,"Melaka"
"kids girl pink shirt",3,"today, 15:57",NA,NA,"Selangor"
"apt puchong permata court 2 non bumi, corner lot",265000,"today, 15:58",NA,NA,"Johor"
"kemeja polo ralph lauren - miq149",45,"today, 15:56","Home Appliances & Kitchen","Second-hand (Used)","Selangor"
"apt puchong permata court 2 non bumi, corner lot",265000,"today, 15:58",NA,NA,"Perak"
"motor kanak-kanak polis toys mainan children^",295,"today, 15:58",NA,NA,"Kelantan"
"baju a new age of darkness begins",30,"today, 15:58",NA,NA,"Pahang"
"artery pal ii",140,"today, 15:58",NA,NA,"Perak"
"kemeja polo ralph lauren - miq149",45,"today, 15:58",NA,NA,"Johor"
"toyota hiace 2.4 diesel",65000,"today, 15:57","Jobs","Pre-owned (Used)","Johor"
"kasut converse",150,"today, 15:58",NA,NA,"Negeri Sembilan"
"kids girl pink shirt",3,"today, 15:58",NA,NA,"Kuala Lumpur"
"vape",250,"today, 15:58",NA,NA,"Kuala Lumpur"
"2016 aprilia rsv4",78000,"today, 15:58",NA,NA,"Perak"
"vape",250,"today, 15:57",NA,NA,"Selangor"
"ikea mirror",50,"today, 15:58","Commercial Vehicle & Boats","Second-hand (Used)","Selangor"
"",0,"today, 15:58",NA,NA,"Selangor"
"2019 proton saga 1.3 full loan cash back low%",29900,"today, 15:58",NA,NA,"Johor"
"motor kanak-kanak polis toys mainan children^",295,"today, 15:58",NA,NA,"Johor"
"below market 35% | the pearl, klcc, kl city | freehold 3089sf",1749600,"today, 15:58",NA,NA,"Perak"
"tablets acer 8""",300,"today, 15:57","Shoes","Second-hand (Used)","Melaka"
"renoma junior kids girl shirt",3,"today, 15:58",NA,NA,"Kuala Lumpur"
"princess dress - age 2 to 3yr",180,"today, 15:58",NA,NA,"Kuala Lumpur"
"foot massage and spa",300,"today, 15:58",NA,NA,"Kedah"
"taman jasa perwira (non bumi lot)",300000,"today, 15:58",NA,NA,"Kuala Lumpur"
"new era mishka keep watch cap [rare]",180,"today, 15:58",NA,NA,"Selangor"
"specialize in laying artificial carpet grass",1111,"today, 15:58",NA,NA,"Kelantan"
"kasut converse",150,"today, 15:56","Furniture & Decoration","Pre-owned (Used)","Terengganu"
"2016 aprilia rsv4",78000,"today, 15:57",NA,NA,"Selangor"
"tanah lot untuk dijual di pasir panjang, manjung",85000,"today, 15:58",NA,NA,"Selangor"
"mercedes benz w124 w210 door center centre lock",150,"today, 15:57",NA,NA,"Kuala Lumpur"
"tanah untuk ladang sawit",6500,"today, 15:57","Mobile Phones & Gadgets","New","Terengganu"
"1998 c70 cdi (sukom360)",5000,"today, 15:57",NA,NA,"Melaka"
"baju a new age of darkness begins",30,"today, 15:57",NA,NA,"Penang"
"tablets acer 8""",300,"today, 15:57",NA,NA,"Johor"
"masih ok semua macam baru",130,"today, 15:57",NA,NA,"Selangor"
"pacific place block f near evolve mall",550000,"today, 15:57",NA,NA,"Johor"
"mercedes benz fh25 giga space 1/50",450,"today, 15:57",NA,NA,"Melaka"
"tanah lot untuk dijual segera",85000,"today, 15:57",NA,NA,"Terengganu"
"panasonic water pump",280,"today, 15:58","Car Accessories & Parts","Used","Kelantan"
"kids girl pink shirt",3,"today, 15:56","Car Accessories & Parts","Pre-owned (Used)","Selangor"
"kelana impian",420000,"today, 15:57",NA,NA,"Selangor"
"panasonic water pump",280,"today, 15:56","Jobs","New","Kelantan"
"",0,"today, 15:57",NA,NA,"Selangor"
"2.5 storey corner house for sale",1100000,"today, 15:57",NA,NA,"Melaka"
"assistant compliance officer",NA,"today, 15:57",NA,NA,"Selangor"
"taman bukit rambai seksyen 2",250000,"today, 15:57",NA,NA,"Johor"
"midlands condo",430000,"today, 15:56",NA,NA,"Selangor"
"artery pal ii",140,"today, 15:56",NA,NA,"Perak"
"vivo y53",300,"today, 15:56",NA,NA,"Kelantan"
"marketing executive (urgent!!)",NA,"today, 15:56",NA,NA,"Pahang"
"resident evil 2",170,"today, 15:56",NA,NA,"Perak"
"vape",250,"today, 15:56","Hobby & Collectibles","New","Johor"
"below market 35% | the pearl, klcc, kl city | freehold 3089sf",1749600,"today, 15:57","Motorcycles","Used","Selangor"
"new-panasonic dh-3rl1mw water heater(no pump)",255,"3 jul, 17:27",NA,NA,"Negeri Sembilan"
"toyota hiace 2.4 diesel",65000,"today, 16:01",NA,NA,"Kuala Lumpur"
"2019 proton saga 1.3 full loan cash back low%",29900,"today, 15:57",NA,NA,"Kuala Lumpur"
"tanah untuk ladang sawit",6500,"today, 15:58",NA,NA,"Perak"
"panasonic water pump",280,"today, 15:58",NA,NA,"Selangor"
"bsp skypark,bdr saujana putra",390000,"today, 15:58",NA,NA,"Selangor"
"ikea mirror",50,"today, 15:58",NA,NA,"Selangor"
"toyota side mirror",230,"today, 15:58",NA,NA,"Johor"
"kemeja polo ralph lauren - miq149",45,"today, 15:58",NA,NA,"Johor"
"apt puchong permata court 2 non bumi, corner lot",265000,"today, 15:58",NA,NA,"Perak"
"bsp skypark,bdr saujana putra",390000,"today, 15:56","Games & Consoles","Used","Selangor"
"2016 aprilia rsv4",78000,"today, 15:56","Clothes","New","Kuala Lumpur"
"motor kanak-kanak polis toys mainan children^",295,"today, 15:58",NA,NA,"Kuala Lumpur"
"baju a new age of darkness begins",30,"today, 15:58",NA,NA,"Kedah"
"artery pal ii",140,"today, 15:58",NA,NA,"Kuala Lumpur"
"below market 35% | the pearl, klcc, kl city | freehold 3089sf",1749600,"today, 15:57",NA,NA,"Selangor"
"kemeja polo ralph lauren - miq149",45,"today, 15:58",NA,NA,"Kelantan"
"kasut converse",150,"today, 15:58",NA,NA,"Terengganu"
"kids girl pink shirt",3,"today, 15:58",NA,NA,"Selangor"
"vape",250,"today, 15:58",NA,NA,"Selangor"
"2016 aprilia rsv4",78000,"today, 15:58",NA,NA,"Kuala Lumpur"
"new-panasonic dh-3rl1mw water heater(no pump)",255,"today, 15:57","Clothes","Second-hand (Used)","Johor"
"ikea mirror",50,"today, 15:56","Bed & Bath","Second-hand (Used)","Selangor"
"",0,"today, 15:58",NA,NA,"Melaka"
"",0,"3 jul, 17:27","Mobile Phones & Gadgets","Used","Penang"
"kasut converse",150,"today, 15:58",NA,NA,"Johor"
"2019 proton saga 1.3 full loan cash back low%",29900,"today, 15:58",NA,NA,"Selangor"
"below market 35% | the pearl, klcc, kl city | freehold 3089sf",1749600,"today, 15:58",NA,NA,"Johor"
"renoma junior kids girl shirt",3,"today, 15:58",NA,NA,"Melaka"
"renoma junior kids girl shirt",3,"today, 15:57",NA,NA,"Terengganu"
"princess dress - age 2 to 3yr",180,"today, 15:58",NA,NA,"Kelantan"
"foot massage and spa",300,"today, 15:58",NA,NA,"Selangor"
"taman jasa perwira (non bumi lot)",300000,"today, 15:57",NA,NA,"Selangor"
"toyota side mirror",230,"today, 15:56","Commercial Vehicle & Boats","Second-hand (Used)","Melaka"
"new era mishka keep watch cap [rare]",180,"today, 15:57",NA,NA,"Selangor"
"specialize in laying artificial carpet grass",1111,"today, 15:57",NA,NA,"Melaka"
"2019 proton saga 1.3 full loan cash back low%",29900,"today, 16:01","Clothes","Second-hand (Used)","Selangor"
"tanah lot untuk dijual di pasir panjang, manjung",85000,"today, 15:57",NA,NA,"Johor"
"mercedes benz w124 w210 door center centre lock",150,"today, 15:57",NA,NA,"Selangor"
"kids girl pink shirt",3,"today, 15:57",NA,NA,"Perak"
"1998 c70 cdi (sukom360)",5000,"today, 15:57",NA,NA,"Kelantan"
"tablets acer 8""",300,"today, 15:57",NA,NA,"Pahang"
"princess dress - age 2 to 3yr",180,"today, 15:56",NA,NA,"Perak"
"masih ok semua macam baru",130,"today, 15:57",NA,NA,"Johor"
"apt puchong permata court 2 non bumi, corner lot",265000,"today, 15:56","Home Appliances & Kitchen","New","Selangor"
"pacific place block f near evolve mall",550000,"today, 15:57",NA,NA,"Negeri Sembilan"
"mercedes benz fh25 giga space 1/50",450,"today, 15:57",NA,NA,"Kuala Lumpur"
"tanah lot untuk dijual segera",85000,"today, 15:57",NA,NA,"Kuala Lumpur"
"below market 35% | the pearl, klcc, kl city | freehold 3089sf",1749600,"today, 15:58","Shoes","Second-hand (Used)","Perak"
"kelana impian",420000,"today, 15:56",NA,NA,"Selangor"
"2.5 storey corner house for sale",1100000,"today, 15:56",NA,NA,"Selangor"
"assistant compliance officer",NA,"today, 15:56",NA,NA,"Selangor"
"taman bukit rambai seksyen 2",250000,"today, 15:56",NA,NA,"Johor"
"specialize in laying artificial carpet grass",1111,"today, 15:56",NA,NA,"Johor"
"vape",250,"3 jul, 17:27",NA,NA,"Perak"
"apt puchong permata court 2 non bumi, corner lot",265000,"3 jul, 17:27","Furniture & Decoration","Second-hand (Used)","Johor"
"foot massage and spa",300,"today, 15:56",NA,NA,"Kuala Lumpur"
"midlands condo",430000,"today, 16:01",NA,NA,"Kuala Lumpur"
"vivo y53",300,"today, 15:58",NA,NA,"Kedah"
"marketing executive (urgent!!)",NA,"today, 15:58",NA,NA,"Kuala Lumpur"
"renoma junior kids girl shirt",3,"today, 15:58","Moms & Kids","New","Selangor"
"resident evil 2",170,"today, 15:58",NA,NA,"Kelantan"
"new-panasonic dh-3rl1mw water heater(no pump)",255,"today, 15:58",NA,NA,"Terengganu"
"toyota hiace 2.4 diesel",65000,"today, 15:58",NA,NA,"Selangor"
"tanah untuk ladang sawit",6500,"today, 15:58",NA,NA,"Selangor"
"panasonic water pump",280,"today, 15:58",NA,NA,"Kuala Lumpur"
"motor kanak-kanak polis toys mainan children^",295,"today, 16:01","Car Accessories & Parts","Second-hand (Used)","Selangor"
"bsp skypark,bdr saujana putra",390000,"today, 15:58",NA,NA,"Melaka"
"ikea mirror",50,"today, 15:58",NA,NA,"Penang"
"kelana impian",420000,"today, 15:56",NA,NA,"Johor"
"2016 aprilia rsv4",78000,"today, 15:58",NA,NA,"Selangor"
"toyota side mirror",230,"today, 15:58",NA,NA,"Johor"
"new-panasonic dh-3rl1mw water heater(no pump)",255,"today, 15:58","Mobile Phones & Gadgets","Second-hand (Used)","Melaka"
"apt puchong permata court 2 non bumi, corner lot",265000,"today, 15:58",NA,NA,"Terengganu"
"motor kanak-kanak polis toys mainan children^",295,"today, 15:58",NA,NA,"Kelantan"
"baju a new age of darkness begins",30,"today, 15:58",NA,NA,"Selangor"
"artery pal ii",140,"today, 15:58",NA,NA,"Selangor"
"baju a new age of darkness begins",30,"today, 15:58","Hobby & Collectibles","New","Perak"
"kemeja polo ralph lauren - miq149",45,"today, 15:58",NA,NA,"Selangor"
"kasut converse",150,"today, 15:58",NA,NA,"Melaka"
"kids girl pink shirt",3,"today, 15:58",NA,NA,"Selangor"
"vape",250,"today, 15:58",NA,NA,"Johor"
"marketing executive (urgent!!)",NA,"today, 15:58",NA,NA,"Selangor"
"taman jasa perwira (non bumi lot)",300000,"today, 15:56",NA,NA,"Perak"
"princess dress - age 2 to 3yr",180,"today, 15:58","Motorcycles","Second-hand (Used)","Kelantan"
"2016 aprilia rsv4",78000,"today, 15:58",NA,NA,"Pahang"
"",0,"today, 15:58",NA,NA,"Perak"
"",0,"today, 15:58",NA,NA,"Johor"
"artery pal ii",140,"today, 15:58","Clothes","Used","Kelantan"
"2019 proton saga 1.3 full loan cash back low%",29900,"today, 15:57",NA,NA,"Negeri Sembilan"
"below market 35% | the pearl, klcc, kl city | freehold 3089sf",1749600,"today, 15:57",NA,NA,"Kuala Lumpur"
"renoma junior kids girl shirt",3,"today, 15:57",NA,NA,"Kuala Lumpur"
"princess dress - age 2 to 3yr",180,"today, 15:57",NA,NA,"Perak"
"foot massage and spa",300,"today, 15:57",NA,NA,"Selangor"
"taman jasa perwira (non bumi lot)",300000,"today, 15:57",NA,NA,"Selangor"
"new era mishka keep watch cap [rare]",180,"today, 15:57",NA,NA,"Selangor"
"toyota side mirror",230,"today, 15:58","Home Appliances & Kitchen","Second-hand (Used)","Johor"
"new era mishka keep watch cap [rare]",180,"today, 15:56",NA,NA,"Johor"
"tanah lot untuk dijual di pasir panjang, manjung",85000,"today, 15:57",NA,NA,"Perak"
"kids girl pink shirt",3,"today, 15:57","Moms & Kids","Second-hand (Used)","Pahang"
"specialize in laying artificial carpet grass",1111,"today, 15:57",NA,NA,"Kuala Lumpur"
"tanah lot untuk dijual di pasir panjang, manjung",85000,"today, 15:57",NA,NA,"Kuala Lumpur"
"mercedes benz w124 w210 door center centre lock",150,"today, 15:57",NA,NA,"Kedah"
"1998 c70 cdi (sukom360)",5000,"today, 15:57",NA,NA,"Kuala Lumpur"
"tablets acer 8""",300,"today, 15:56",NA,NA,"Selangor"
"masih ok semua macam baru",130,"today, 15:56",NA,NA,"Kelantan"
"pacific place block f near evolve mall",550000,"today, 15:56",NA,NA,"Terengganu"
"mercedes benz fh25 giga space 1/50",450,"today, 15:56",NA,NA,"Selangor"
"bsp skypark,bdr saujana putra",390000,"today, 15:58","Hobby & Collectibles","New","Selangor"
"foot massage and spa",300,"today, 15:58","Full-time","New","Kuala Lumpur"
"kemeja polo ralph lauren - miq149",45,"today, 15:58","Mobile Phones & Gadgets","Second-hand (Used)","Perak"
"tanah lot untuk dijual segera",85000,"today, 15:56",NA,NA,"Melaka"
"specialize in laying artificial carpet grass",1111,"3 jul, 17:27",NA,NA,"Penang"
"kelana impian",420000,"3 jul, 17:27",NA,NA,"Johor"
"tanah lot untuk dijual di pasir panjang, manjung",85000,"today, 16:01",NA,NA,"Selangor"
"mercedes benz w124 w210 door center centre lock",150,"today, 15:58",NA,NA,"Johor"
"1998 c70 cdi (sukom360)",5000,"today, 15:58",NA,NA,"Melaka"
"tablets acer 8""",300,"today, 15:58",NA,NA,"Terengganu"
"masih ok semua macam baru",130,"today, 15:58",NA,NA,"Kelantan"
"pacific place block f near evolve mall",550000,"today, 15:58",NA,NA,"Selangor"
"mercedes benz fh25 giga space 1/50",450,"today, 15:58",NA,NA,"Selangor"
"taman bukit rambai seksyen 2",250000,"today, 15:57","Motorcycles","Second-hand (Used)","Johor"
"taman jasa perwira (non bumi lot)",300000,"today, 15:58","Kuala Lumpur","Used","Selangor"
"resident evil 2",170,"today, 15:58",NA,NA,"Melaka"
"2.5 storey corner house for sale",1100000,"today, 15:58",NA,NA,"Selangor"
"tanah lot untuk dijual segera",85000,"today, 15:58",NA,NA,"Johor"
"kelana impian",420000,"today, 15:58",NA,NA,"Selangor"
"2.5 storey corner house for sale",1100000,"today, 15:58",NA,NA,"Perak"
"assistant compliance officer",NA,"today, 15:58",NA,NA,"Kelantan"
"taman bukit rambai seksyen 2",250000,"today, 15:58",NA,NA,"Pahang"
"midlands condo",430000,"today, 15:58",NA,NA,"Perak"
"vivo y53",300,"today, 15:58",NA,NA,"Johor"
"toyota hiace 2.4 diesel",65000,"today, 15:57","Mobile Phones & Gadgets","New","Johor"
"kasut converse",150,"today, 15:58","Clothes","Second-hand (Used)","Negeri Sembilan"
"marketing executive (urgent!!)",NA,"today, 15:58",NA,NA,"Negeri Sembilan"
"new era mishka keep watch cap [rare]",180,"today, 15:58","Moms & Kids","Second-hand (Used)",NA
"resident evil 2",170,"today, 15:58",NA,NA,NA
"specialize in laying artificial carpet grass",1111,"today, 15:58","Moms & Kids","Second-hand (Used)",NA
"tanah lot untuk dijual di pasir panjang, manjung",85000,"today, 15:58","Health & Beauty","Used",NA
"mercedes benz w124 w210 door center centre lock",150,"today, 15:58","Watches & Fashion Accessories","New",NA
"1998 c70 cdi (sukom360)",5000,"today, 15:58","Furniture & Decoration","Pre-owned (Used)",NA
"tablets acer 8""",300,"today, 15:58","Car Accessories & Parts","Second-hand (Used)",NA
"masih ok semua macam baru",130,"today, 15:58","Motorcycles","Pre-owned (Used)",NA
"toyota hiace 2.4 diesel",65000,"today, 15:58","Mobile Phones & Gadgets","New",NA
"kids girl pink shirt",3,"today, 15:58","Shoes","Used","Kuala Lumpur"
"ikea mirror",50,"today, 15:57","Clothes","Second-hand (Used)",NA
"apt puchong permata court 2 non bumi, corner lot",265000,"today, 15:58","Furniture & Decoration","Used",NA
"pacific place block f near evolve mall",550000,"today, 15:58","Cameras & Photography","Second-hand (Used)",NA
"mercedes benz fh25 giga space 1/50",450,"today, 15:58","Hobby & Collectibles","Second-hand (Used)",NA
"tanah lot untuk dijual segera",85000,"today, 15:58","Jobs","Used",NA
"kelana impian",420000,"today, 15:58","Mobile Phones & Gadgets","New",NA
"2.5 storey corner house for sale",1100000,"today, 15:58","Jobs","Second-hand (Used)",NA
"assistant compliance officer",NA,"today, 15:58","Games & Consoles","Second-hand (Used)",NA
"taman bukit rambai seksyen 2",250000,"today, 15:58","Bed & Bath","Pre-owned (Used)",NA
"midlands condo",430000,"today, 15:58","Commercial Vehicle & Boats","Pre-owned (Used)",NA
"vape",250,"today, 15:58","Moms & Kids","New","Kuala Lumpur"
"vivo y53",300,"today, 15:57","Home Appliances & Kitchen","New",NA
"2016 aprilia rsv4",78000,"today, 15:58","Mobile Phones & Gadgets","Pre-owned (Used)","Perak"
"",0,"today, 15:58","Motorcycles","Second-hand (Used)","Selangor"
"2019 proton saga 1.3 full loan cash back low%",29900,"today, 15:58","Home Appliances & Kitchen","Pre-owned (Used)","Selangor"
"motor kanak-kanak polis toys mainan children^",295,"today, 15:58","Moms & Kids","New","Selangor"
"below market 35% | the pearl, klcc, kl city | freehold 3089sf",1749600,"today, 15:58","Moms & Kids","Second-hand (Used)","Johor"
"renoma junior kids girl shirt",3,"today, 15:58","Health & Beauty","Second-hand (Used)","Johor"
"vape",250,"today, 15:57","Mobile Phones & Gadgets","Used","Perak"
"tanah untuk ladang sawit",6500,"today, 15:57","Clothes","Second-hand (Used)","Perak"
"kemeja polo ralph lauren - miq149",45,"today, 15:57","Computers & Accessories","Second-hand (Used)","Kuala Lumpur"
"princess dress - age 2 to 3yr",180,"today, 15:58","Watches & Fashion Accessories","Used","Kuala Lumpur"
"foot massage and spa",300,"today, 15:58","Furniture & Decoration","New","Kedah"
"taman jasa perwira (non bumi lot)",300000,"today, 15:58","Car Accessories & Parts","Second-hand (Used)","Kuala Lumpur"
"new era mishka keep watch cap [rare]",180,"today, 15:58","Motorcycles","Second-hand (Used)","Selangor"
"specialize in laying artificial carpet grass",1111,"today, 15:58","Mobile Phones & Gadgets","Pre-owned (Used)","Kelantan"
"tanah lot untuk dijual di pasir panjang, manjung",85000,"today, 15:58","Cameras & Photography","Pre-owned (Used)","Terengganu"
"mercedes benz w124 w210 door center centre lock",150,"today, 15:58","Hobby & Collectibles","New","Selangor"
"1998 c70 cdi (sukom360)",5000,"today, 15:58","Jobs","New","Selangor"
"baju a new age of darkness begins",30,"today, 15:58","Mobile Phones & Gadgets","Used","Kuala Lumpur"
